<application>
  <component name="libraryTable">
    <library name="Bundled Protobuf Distribution">
      <CLASSES />
      <JAVADOC />
      <SOURCES>
        <root url="jar://$APPLICATION_PLUGINS_DIR$/protobuf-jetbrains-plugin/lib/protobuf-java-3.6.1-sources.jar!/" />
      </SOURCES>
    </library>
    <library name="Python 2.7 (demoapi) interpreter library">
      <CLASSES>
        <root url="file:///mnt/Other/E/workspace/mist/demoapi/venv/lib/python2.7" />
        <root url="file:///mnt/Other/E/workspace/mist/demoapi/venv/lib/python2.7/lib-dynload" />
        <root url="file:///usr/lib/python2.7" />
        <root url="file:///usr/lib/python2.7/plat-x86_64-linux-gnu" />
        <root url="file:///usr/lib/python2.7/lib-tk" />
        <root url="file:///mnt/Other/E/workspace/mist/demoapi/venv/local/lib/python2.7/site-packages" />
        <root url="file:///mnt/Other/E/workspace/mist/demoapi/venv/lib/python2.7/site-packages" />
        <root url="file://$USER_HOME$/.IdeaIC2018.3/system/python_stubs/-2072765184" />
        <root url="file://$APPLICATION_PLUGINS_DIR$/python-ce/helpers/python-skeletons" />
        <root url="file://$APPLICATION_PLUGINS_DIR$/python-ce/helpers/typeshed/stdlib/2" />
        <root url="file://$APPLICATION_PLUGINS_DIR$/python-ce/helpers/typeshed/stdlib/2and3" />
        <root url="file://$APPLICATION_PLUGINS_DIR$/python-ce/helpers/typeshed/third_party/2" />
        <root url="file://$APPLICATION_PLUGINS_DIR$/python-ce/helpers/typeshed/third_party/2and3" />
      </CLASSES>
      <JAVADOC />
      <SOURCES>
        <root url="file:///mnt/Other/E/workspace/mist/demoapi/venv/lib/python2.7" />
        <root url="file:///mnt/Other/E/workspace/mist/demoapi/venv/lib/python2.7/lib-dynload" />
        <root url="file:///usr/lib/python2.7" />
        <root url="file:///usr/lib/python2.7/plat-x86_64-linux-gnu" />
        <root url="file:///usr/lib/python2.7/lib-tk" />
        <root url="file:///mnt/Other/E/workspace/mist/demoapi/venv/local/lib/python2.7/site-packages" />
        <root url="file:///mnt/Other/E/workspace/mist/demoapi/venv/lib/python2.7/site-packages" />
        <root url="file://$USER_HOME$/.IdeaIC2018.3/system/python_stubs/-2072765184" />
        <root url="file://$APPLICATION_PLUGINS_DIR$/python-ce/helpers/python-skeletons" />
        <root url="file://$APPLICATION_PLUGINS_DIR$/python-ce/helpers/typeshed/stdlib/2" />
        <root url="file://$APPLICATION_PLUGINS_DIR$/python-ce/helpers/typeshed/stdlib/2and3" />
        <root url="file://$APPLICATION_PLUGINS_DIR$/python-ce/helpers/typeshed/third_party/2" />
        <root url="file://$APPLICATION_PLUGINS_DIR$/python-ce/helpers/typeshed/third_party/2and3" />
      </SOURCES>
    </library>
    <library name="Python 2.7 (marvis) interpreter library">
      <CLASSES>
        <root url="file:///mnt/Other/E/workspace/mist/marvis/storm/py/venv/lib/python2.7" />
        <root url="file:///mnt/Other/E/workspace/mist/marvis/storm/py/venv/lib/python2.7/lib-dynload" />
        <root url="file:///usr/lib/python2.7" />
        <root url="file:///usr/lib/python2.7/plat-x86_64-linux-gnu" />
        <root url="file:///usr/lib/python2.7/lib-tk" />
        <root url="file:///mnt/Other/E/workspace/mist/marvis/storm/py/venv/local/lib/python2.7/site-packages" />
        <root url="file:///mnt/Other/E/workspace/mist/marvis/storm/py/venv/lib/python2.7/site-packages" />
        <root url="file://$USER_HOME$/.IdeaIC2018.3/system/python_stubs/816816133" />
        <root url="file://$APPLICATION_PLUGINS_DIR$/python-ce/helpers/python-skeletons" />
        <root url="file://$APPLICATION_PLUGINS_DIR$/python-ce/helpers/typeshed/stdlib/2" />
        <root url="file://$APPLICATION_PLUGINS_DIR$/python-ce/helpers/typeshed/stdlib/2and3" />
        <root url="file://$APPLICATION_PLUGINS_DIR$/python-ce/helpers/typeshed/third_party/2" />
        <root url="file://$APPLICATION_PLUGINS_DIR$/python-ce/helpers/typeshed/third_party/2and3" />
      </CLASSES>
      <JAVADOC />
      <SOURCES>
        <root url="file:///mnt/Other/E/workspace/mist/marvis/storm/py/venv/lib/python2.7" />
        <root url="file:///mnt/Other/E/workspace/mist/marvis/storm/py/venv/lib/python2.7/lib-dynload" />
        <root url="file:///usr/lib/python2.7" />
        <root url="file:///usr/lib/python2.7/plat-x86_64-linux-gnu" />
        <root url="file:///usr/lib/python2.7/lib-tk" />
        <root url="file:///mnt/Other/E/workspace/mist/marvis/storm/py/venv/local/lib/python2.7/site-packages" />
        <root url="file:///mnt/Other/E/workspace/mist/marvis/storm/py/venv/lib/python2.7/site-packages" />
        <root url="file://$USER_HOME$/.IdeaIC2018.3/system/python_stubs/816816133" />
        <root url="file://$APPLICATION_PLUGINS_DIR$/python-ce/helpers/python-skeletons" />
        <root url="file://$APPLICATION_PLUGINS_DIR$/python-ce/helpers/typeshed/stdlib/2" />
        <root url="file://$APPLICATION_PLUGINS_DIR$/python-ce/helpers/typeshed/stdlib/2and3" />
        <root url="file://$APPLICATION_PLUGINS_DIR$/python-ce/helpers/typeshed/third_party/2" />
        <root url="file://$APPLICATION_PLUGINS_DIR$/python-ce/helpers/typeshed/third_party/2and3" />
      </SOURCES>
    </library>
    <library name="Python 2.7 (mobius) interpreter library">
      <CLASSES>
        <root url="file:///mnt/Other/E/workspace/mist/mobius/venv/lib/python2.7" />
        <root url="file:///mnt/Other/E/workspace/mist/mobius/venv/lib/python2.7/lib-dynload" />
        <root url="file:///usr/lib/python2.7" />
        <root url="file:///usr/lib/python2.7/plat-x86_64-linux-gnu" />
        <root url="file:///usr/lib/python2.7/lib-tk" />
        <root url="file:///mnt/Other/E/workspace/mist/mobius/venv/local/lib/python2.7/site-packages" />
        <root url="file:///mnt/Other/E/workspace/mist/mobius/venv/lib/python2.7/site-packages" />
        <root url="file://$USER_HOME$/.IdeaIC2018.3/system/python_stubs/-1312893704" />
        <root url="file://$APPLICATION_PLUGINS_DIR$/python-ce/helpers/python-skeletons" />
        <root url="file://$APPLICATION_PLUGINS_DIR$/python-ce/helpers/typeshed/stdlib/2" />
        <root url="file://$APPLICATION_PLUGINS_DIR$/python-ce/helpers/typeshed/stdlib/2and3" />
        <root url="file://$APPLICATION_PLUGINS_DIR$/python-ce/helpers/typeshed/third_party/2" />
        <root url="file://$APPLICATION_PLUGINS_DIR$/python-ce/helpers/typeshed/third_party/2and3" />
      </CLASSES>
      <JAVADOC />
      <SOURCES>
        <root url="file:///mnt/Other/E/workspace/mist/mobius/venv/lib/python2.7" />
        <root url="file:///mnt/Other/E/workspace/mist/mobius/venv/lib/python2.7/lib-dynload" />
        <root url="file:///usr/lib/python2.7" />
        <root url="file:///usr/lib/python2.7/plat-x86_64-linux-gnu" />
        <root url="file:///usr/lib/python2.7/lib-tk" />
        <root url="file:///mnt/Other/E/workspace/mist/mobius/venv/local/lib/python2.7/site-packages" />
        <root url="file:///mnt/Other/E/workspace/mist/mobius/venv/lib/python2.7/site-packages" />
        <root url="file://$USER_HOME$/.IdeaIC2018.3/system/python_stubs/-1312893704" />
        <root url="file://$APPLICATION_PLUGINS_DIR$/python-ce/helpers/python-skeletons" />
        <root url="file://$APPLICATION_PLUGINS_DIR$/python-ce/helpers/typeshed/stdlib/2" />
        <root url="file://$APPLICATION_PLUGINS_DIR$/python-ce/helpers/typeshed/stdlib/2and3" />
        <root url="file://$APPLICATION_PLUGINS_DIR$/python-ce/helpers/typeshed/third_party/2" />
        <root url="file://$APPLICATION_PLUGINS_DIR$/python-ce/helpers/typeshed/third_party/2and3" />
      </SOURCES>
    </library>
  </component>
</application>