<application>
  <component name="FindSettings">
    <option name="caseSensitive" value="true" />
    <option name="customScope" value="All Places" />
    <option name="defaultScopeName" value="All Places" />
    <option name="CASE_SENSITIVE_SEARCH" value="true" />
    <option name="SEARCH_SCOPE" value="All Places" />
    <mask>*.properties</mask>
    <mask>*.html</mask>
    <mask>*.jsp</mask>
    <mask>*.xml</mask>
    <mask>*.js</mask>
    <mask>*.as</mask>
    <mask>*.css</mask>
    <mask>*.mxml</mask>
    <mask>*Test.java</mask>
    <mask>*.md</mask>
    <mask>*.java</mask>
    <mask>*bot.py</mask>
    <mask>*urls.py</mask>
    <mask>*models.py</mask>
    <mask>*views.py</mask>
    <mask>*.py</mask>
    <mask>*tests.py</mask>
  </component>
</application>