<application>
  <component name="ProjectJdkTable">
    <jdk version="2">
      <name value="1.8" />
      <type value="JavaSDK" />
      <version value="java version &quot;1.8.0_191&quot;" />
      <homePath value="$USER_HOME$/.sdkman/candidates/java/8.0.191-oracle" />
      <roots>
        <annotationsPath>
          <root type="composite">
            <root url="jar://$APPLICATION_HOME_DIR$/lib/jdkAnnotations.jar!/" type="simple" />
          </root>
        </annotationsPath>
        <classPath>
          <root type="composite">
            <root url="jar://$USER_HOME$/.sdkman/candidates/java/8.0.191-oracle/jre/lib/charsets.jar!/" type="simple" />
            <root url="jar://$USER_HOME$/.sdkman/candidates/java/8.0.191-oracle/jre/lib/deploy.jar!/" type="simple" />
            <root url="jar://$USER_HOME$/.sdkman/candidates/java/8.0.191-oracle/jre/lib/ext/cldrdata.jar!/" type="simple" />
            <root url="jar://$USER_HOME$/.sdkman/candidates/java/8.0.191-oracle/jre/lib/ext/dnsns.jar!/" type="simple" />
            <root url="jar://$USER_HOME$/.sdkman/candidates/java/8.0.191-oracle/jre/lib/ext/jaccess.jar!/" type="simple" />
            <root url="jar://$USER_HOME$/.sdkman/candidates/java/8.0.191-oracle/jre/lib/ext/jfxrt.jar!/" type="simple" />
            <root url="jar://$USER_HOME$/.sdkman/candidates/java/8.0.191-oracle/jre/lib/ext/localedata.jar!/" type="simple" />
            <root url="jar://$USER_HOME$/.sdkman/candidates/java/8.0.191-oracle/jre/lib/ext/nashorn.jar!/" type="simple" />
            <root url="jar://$USER_HOME$/.sdkman/candidates/java/8.0.191-oracle/jre/lib/ext/sunec.jar!/" type="simple" />
            <root url="jar://$USER_HOME$/.sdkman/candidates/java/8.0.191-oracle/jre/lib/ext/sunjce_provider.jar!/" type="simple" />
            <root url="jar://$USER_HOME$/.sdkman/candidates/java/8.0.191-oracle/jre/lib/ext/sunpkcs11.jar!/" type="simple" />
            <root url="jar://$USER_HOME$/.sdkman/candidates/java/8.0.191-oracle/jre/lib/ext/zipfs.jar!/" type="simple" />
            <root url="jar://$USER_HOME$/.sdkman/candidates/java/8.0.191-oracle/jre/lib/javaws.jar!/" type="simple" />
            <root url="jar://$USER_HOME$/.sdkman/candidates/java/8.0.191-oracle/jre/lib/jce.jar!/" type="simple" />
            <root url="jar://$USER_HOME$/.sdkman/candidates/java/8.0.191-oracle/jre/lib/jfr.jar!/" type="simple" />
            <root url="jar://$USER_HOME$/.sdkman/candidates/java/8.0.191-oracle/jre/lib/jfxswt.jar!/" type="simple" />
            <root url="jar://$USER_HOME$/.sdkman/candidates/java/8.0.191-oracle/jre/lib/jsse.jar!/" type="simple" />
            <root url="jar://$USER_HOME$/.sdkman/candidates/java/8.0.191-oracle/jre/lib/management-agent.jar!/" type="simple" />
            <root url="jar://$USER_HOME$/.sdkman/candidates/java/8.0.191-oracle/jre/lib/plugin.jar!/" type="simple" />
            <root url="jar://$USER_HOME$/.sdkman/candidates/java/8.0.191-oracle/jre/lib/resources.jar!/" type="simple" />
            <root url="jar://$USER_HOME$/.sdkman/candidates/java/8.0.191-oracle/jre/lib/rt.jar!/" type="simple" />
          </root>
        </classPath>
        <javadocPath>
          <root type="composite" />
        </javadocPath>
        <sourcePath>
          <root type="composite">
            <root url="jar://$USER_HOME$/.sdkman/candidates/java/8.0.191-oracle/src.zip!/" type="simple" />
            <root url="jar://$USER_HOME$/.sdkman/candidates/java/8.0.191-oracle/javafx-src.zip!/" type="simple" />
          </root>
        </sourcePath>
      </roots>
      <additional />
    </jdk>
    <jdk version="2">
      <name value="Python 2.7 (mobius)" />
      <type value="Python SDK" />
      <version value="Python 2.7.15rc1" />
      <homePath value="/mnt/Other/E/workspace/mist/mobius/venv/bin/python" />
      <roots>
        <annotationsPath>
          <root type="composite" />
        </annotationsPath>
        <classPath>
          <root type="composite">
            <root url="file:///mnt/Other/E/workspace/mist/mobius/venv/lib/python2.7" type="simple" />
            <root url="file:///mnt/Other/E/workspace/mist/mobius/venv/lib/python2.7/lib-dynload" type="simple" />
            <root url="file:///usr/lib/python2.7" type="simple" />
            <root url="file:///usr/lib/python2.7/plat-x86_64-linux-gnu" type="simple" />
            <root url="file:///usr/lib/python2.7/lib-tk" type="simple" />
            <root url="file:///mnt/Other/E/workspace/mist/mobius/venv/local/lib/python2.7/site-packages" type="simple" />
            <root url="file:///mnt/Other/E/workspace/mist/mobius/venv/lib/python2.7/site-packages" type="simple" />
            <root url="file://$USER_HOME$/.IdeaIC2018.3/system/python_stubs/-1312893704" type="simple" />
            <root url="file://$APPLICATION_PLUGINS_DIR$/python-ce/helpers/python-skeletons" type="simple" />
            <root url="file://$APPLICATION_PLUGINS_DIR$/python-ce/helpers/typeshed/stdlib/2" type="simple" />
            <root url="file://$APPLICATION_PLUGINS_DIR$/python-ce/helpers/typeshed/stdlib/2and3" type="simple" />
            <root url="file://$APPLICATION_PLUGINS_DIR$/python-ce/helpers/typeshed/third_party/2" type="simple" />
            <root url="file://$APPLICATION_PLUGINS_DIR$/python-ce/helpers/typeshed/third_party/2and3" type="simple" />
          </root>
        </classPath>
        <javadocPath>
          <root type="composite" />
        </javadocPath>
        <sourcePath>
          <root type="composite" />
        </sourcePath>
      </roots>
      <additional />
    </jdk>
    <jdk version="2">
      <name value="Python 2.7 (marvis)" />
      <type value="Python SDK" />
      <version value="Python 2.7.15rc1" />
      <homePath value="/mnt/Other/E/workspace/mist/marvis/storm/py/venv/bin/python" />
      <roots>
        <annotationsPath>
          <root type="composite" />
        </annotationsPath>
        <classPath>
          <root type="composite">
            <root url="file:///mnt/Other/E/workspace/mist/marvis/storm/py/venv/lib/python2.7" type="simple" />
            <root url="file:///mnt/Other/E/workspace/mist/marvis/storm/py/venv/lib/python2.7/lib-dynload" type="simple" />
            <root url="file:///usr/lib/python2.7" type="simple" />
            <root url="file:///usr/lib/python2.7/plat-x86_64-linux-gnu" type="simple" />
            <root url="file:///usr/lib/python2.7/lib-tk" type="simple" />
            <root url="file:///mnt/Other/E/workspace/mist/marvis/storm/py/venv/local/lib/python2.7/site-packages" type="simple" />
            <root url="file:///mnt/Other/E/workspace/mist/marvis/storm/py/venv/lib/python2.7/site-packages" type="simple" />
            <root url="file://$USER_HOME$/.IdeaIC2018.3/system/python_stubs/816816133" type="simple" />
            <root url="file://$APPLICATION_PLUGINS_DIR$/python-ce/helpers/python-skeletons" type="simple" />
            <root url="file://$APPLICATION_PLUGINS_DIR$/python-ce/helpers/typeshed/stdlib/2" type="simple" />
            <root url="file://$APPLICATION_PLUGINS_DIR$/python-ce/helpers/typeshed/stdlib/2and3" type="simple" />
            <root url="file://$APPLICATION_PLUGINS_DIR$/python-ce/helpers/typeshed/third_party/2" type="simple" />
            <root url="file://$APPLICATION_PLUGINS_DIR$/python-ce/helpers/typeshed/third_party/2and3" type="simple" />
          </root>
        </classPath>
        <javadocPath>
          <root type="composite" />
        </javadocPath>
        <sourcePath>
          <root type="composite" />
        </sourcePath>
      </roots>
      <additional />
    </jdk>
    <jdk version="2">
      <name value="Python 2.7 (demoapi)" />
      <type value="Python SDK" />
      <version value="Python 2.7.15rc1" />
      <homePath value="/mnt/Other/E/workspace/mist/demoapi/venv/bin/python" />
      <roots>
        <annotationsPath>
          <root type="composite" />
        </annotationsPath>
        <classPath>
          <root type="composite">
            <root url="file:///mnt/Other/E/workspace/mist/demoapi/venv/lib/python2.7" type="simple" />
            <root url="file:///mnt/Other/E/workspace/mist/demoapi/venv/lib/python2.7/lib-dynload" type="simple" />
            <root url="file:///usr/lib/python2.7" type="simple" />
            <root url="file:///usr/lib/python2.7/plat-x86_64-linux-gnu" type="simple" />
            <root url="file:///usr/lib/python2.7/lib-tk" type="simple" />
            <root url="file:///mnt/Other/E/workspace/mist/demoapi/venv/local/lib/python2.7/site-packages" type="simple" />
            <root url="file:///mnt/Other/E/workspace/mist/demoapi/venv/lib/python2.7/site-packages" type="simple" />
            <root url="file://$USER_HOME$/.IdeaIC2018.3/system/python_stubs/-2072765184" type="simple" />
            <root url="file://$APPLICATION_PLUGINS_DIR$/python-ce/helpers/python-skeletons" type="simple" />
            <root url="file://$APPLICATION_PLUGINS_DIR$/python-ce/helpers/typeshed/stdlib/2" type="simple" />
            <root url="file://$APPLICATION_PLUGINS_DIR$/python-ce/helpers/typeshed/stdlib/2and3" type="simple" />
            <root url="file://$APPLICATION_PLUGINS_DIR$/python-ce/helpers/typeshed/third_party/2" type="simple" />
            <root url="file://$APPLICATION_PLUGINS_DIR$/python-ce/helpers/typeshed/third_party/2and3" type="simple" />
          </root>
        </classPath>
        <javadocPath>
          <root type="composite" />
        </javadocPath>
        <sourcePath>
          <root type="composite" />
        </sourcePath>
      </roots>
      <additional />
    </jdk>
  </component>
</application>